{
  "p_values": [
    0.001,
    0.002,
    0.005,
    0.008,
    0.01,
    0.02,
    0.03,
    0.05,
    0.07,
    0.1,
    0.13,
    0.15
  ],
  "distances": [
    3,
    5,
    7
  ],
  "eta_values": [
    1,
    10,
    100,
    1000
  ],
  "sym": {
    "mwpm": {
      "3": [
        0.005125,
        0.009375,
        0.024375,
        0.037,
        0.045875,
        0.089875,
        0.11975,
        0.19775,
        0.2705,
        0.349,
        0.4175,
        0.45075
      ],
      "5": [
        0.007625,
        0.014875,
        0.04475,
        0.06125,
        0.076,
        0.149875,
        0.213125,
        0.32475,
        0.423375,
        0.509125,
        0.591,
        0.626125
      ],
      "7": [
        0.0115,
        0.02325,
        0.061,
        0.092625,
        0.110125,
        0.2235,
        0.29875,
        0.423125,
        0.525,
        0.613625,
        0.66475,
        0.68225
      ]
    },
    "uf": {
      "3": [
        0.005125,
        0.009375,
        0.024375,
        0.037,
        0.045875,
        0.089875,
        0.11975,
        0.19775,
        0.2705,
        0.349,
        0.4175,
        0.45075
      ],
      "5": [
        0.009,
        0.018125,
        0.053625,
        0.07025,
        0.087125,
        0.169,
        0.236375,
        0.345375,
        0.44025,
        0.5225,
        0.59475,
        0.62975
      ],
      "7": [
        0.010625,
        0.019375,
        0.052375,
        0.07975,
        0.09575,
        0.19625,
        0.273125,
        0.39325,
        0.485,
        0.5735,
        0.622875,
        0.659625
      ]
    },
    "hybrid": {
      "3": [
        0.00075,
        0.001625,
        0.004375,
        0.0045,
        0.0075,
        0.013875,
        0.02275,
        0.04225,
        0.068375,
        0.102125,
        0.134625,
        0.170375
      ],
      "5": [
        0.001,
        0.00075,
        0.0035,
        0.007125,
        0.0075,
        0.018,
        0.026375,
        0.048125,
        0.076375,
        0.120375,
        0.170375,
        0.19675
      ],
      "7": [
        0.002,
        0.002625,
        0.0065,
        0.00875,
        0.014125,
        0.0255,
        0.040125,
        0.066,
        0.101125,
        0.143375,
        0.197,
        0.23375
      ]
    }
  },
  "asym": {
    "1": {
      "mwpm": [
        0.009125,
        0.013375,
        0.03975,
        0.06575,
        0.081375,
        0.145875,
        0.20475,
        0.321,
        0.409,
        0.51775,
        0.58225,
        0.610125
      ],
      "uf": [
        0.01,
        0.016875,
        0.0445,
        0.071875,
        0.091625,
        0.161,
        0.223625,
        0.344,
        0.4165,
        0.525625,
        0.58075,
        0.604625
      ],
      "hs": [
        0.000625,
        0.001375,
        0.002625,
        0.00825,
        0.008375,
        0.017,
        0.024375,
        0.053125,
        0.080625,
        0.132875,
        0.168375,
        0.199625
      ],
      "ha": [
        0.001,
        0.001125,
        0.0045,
        0.007875,
        0.00975,
        0.016,
        0.028875,
        0.051125,
        0.077625,
        0.131125,
        0.171125,
        0.203875
      ]
    },
    "10": {
      "mwpm": [
        0.008375,
        0.0175,
        0.042875,
        0.06925,
        0.08075,
        0.152875,
        0.213125,
        0.319375,
        0.395875,
        0.465375,
        0.49525,
        0.525625
      ],
      "uf": [
        0.009,
        0.01875,
        0.046625,
        0.078625,
        0.088625,
        0.16275,
        0.223875,
        0.319625,
        0.38875,
        0.449375,
        0.477625,
        0.515375
      ],
      "hs": [
        0.000625,
        0.0015,
        0.0055,
        0.00775,
        0.008875,
        0.02075,
        0.030375,
        0.060375,
        0.083625,
        0.123375,
        0.162375,
        0.185
      ],
      "ha": [
        0.00125,
        0.001875,
        0.006875,
        0.008625,
        0.010125,
        0.02325,
        0.03425,
        0.0625,
        0.084875,
        0.13275,
        0.17475,
        0.20475
      ]
    },
    "100": {
      "mwpm": [
        0.007875,
        0.01825,
        0.042375,
        0.0675,
        0.086875,
        0.16025,
        0.223375,
        0.316375,
        0.38575,
        0.447625,
        0.483875,
        0.50025
      ],
      "uf": [
        0.00925,
        0.02075,
        0.044875,
        0.073375,
        0.094625,
        0.170375,
        0.23425,
        0.3255,
        0.379125,
        0.433375,
        0.471125,
        0.47625
      ],
      "hs": [
        0.00075,
        0.002375,
        0.005,
        0.008,
        0.008,
        0.022,
        0.033125,
        0.05475,
        0.08375,
        0.114125,
        0.1625,
        0.19225
      ],
      "ha": [
        0.00075,
        0.001875,
        0.00575,
        0.007875,
        0.00975,
        0.0205,
        0.034625,
        0.0515,
        0.084375,
        0.118125,
        0.161875,
        0.1945
      ]
    },
    "1000": {
      "mwpm": [
        0.0095,
        0.017625,
        0.04375,
        0.068,
        0.07775,
        0.166375,
        0.207375,
        0.31925,
        0.369625,
        0.442625,
        0.47575,
        0.497375
      ],
      "uf": [
        0.01075,
        0.019,
        0.04825,
        0.07425,
        0.083875,
        0.169875,
        0.22075,
        0.31975,
        0.37275,
        0.43175,
        0.454875,
        0.476625
      ],
      "hs": [
        0.00075,
        0.00225,
        0.005,
        0.0085,
        0.007375,
        0.02225,
        0.030125,
        0.058,
        0.080875,
        0.118,
        0.164125,
        0.180625
      ],
      "ha": [
        0.004375,
        0.009625,
        0.018,
        0.031375,
        0.038375,
        0.080125,
        0.1055,
        0.186625,
        0.232,
        0.305125,
        0.3325,
        0.374875
      ]
    }
  },
  "timing": {
    "m3": 5.6362152099609375,
    "u3": 8.49167505900065,
    "h3": 4.226366678873698,
    "m5": 17.25912094116211,
    "u5": 30.120213826497395,
    "h5": 6.1321258544921875,
    "m7": 36.29525502522786,
    "u7": 271.47452036539715,
    "h7": 6.957848866780599
  }
}